Subject_ID,acc
,0.4756944444444444
,0.3263888888888889
,0.4826388888888889
,0.4201388888888889
,0.375
,0.3715277777777778
,0.5277777777777778
,0.4756944444444444
,0.4756944444444444
