Subject_ID,acc
,0.46875
,0.2951388888888889
,0.4409722222222222
,0.3263888888888889
,0.4027777777777778
,0.3333333333333333
,0.5347222222222222
,0.5138888888888888
,0.4895833333333333
