Subject_ID,acc
1,0.4791666666666667
2,0.3229166666666667
3,0.4895833333333333
4,0.3923611111111111
5,0.375
6,0.3541666666666667
7,0.4965277777777778
8,0.4479166666666667
9,0.5
