Subject_ID,acc
,0.7008928571428571
,0.6651785714285714
,0.7008928571428571
,0.7991071428571429
,0.75
,0.7276785714285714
,0.6830357142857143
,0.7366071428571429
,0.7321428571428571
,0.7767857142857143
,0.7321428571428571
,0.7633928571428571
,0.7723214285714286
,0.75
,0.7053571428571429
,0.7366071428571429
,0.59375
,0.8035714285714286
,0.78125
,0.7544642857142857
,0.7857142857142857
,0.71875
,0.7455357142857143
,0.8035714285714286
,0.7321428571428571
,0.8303571428571429
