Subject_ID,acc
,0.5848214285714286
,0.44642857142857145
,0.5044642857142857
,0.6741071428571429
,0.5848214285714286
,0.53125
,0.6785714285714286
,0.6830357142857143
,0.7455357142857143
,0.7410714285714286
,0.71875
,0.6919642857142857
,0.7633928571428571
,0.7053571428571429
,0.7366071428571429
,0.6517857142857143
,0.6339285714285714
,0.7276785714285714
,0.6830357142857143
,0.6294642857142857
,0.7366071428571429
,0.4732142857142857
,0.59375
,0.41517857142857145
,0.4419642857142857
,0.5625
