Subject_ID,acc
1,0.3125
2,0.25
3,0.3402777777777778
4,0.3368055555555556
5,0.2569444444444444
6,0.2777777777777778
7,0.3333333333333333
8,0.3680555555555556
9,0.34375
