Subject_ID,acc
,0.4756944444444444
,0.3055555555555556
,0.5069444444444444
,0.4340277777777778
,0.40625
,0.3541666666666667
,0.5590277777777778
,0.4618055555555556
,0.5208333333333334
