Subject_ID,acc
,0.7991071428571429
,0.8303571428571429
,0.7276785714285714
,0.8125
,0.7901785714285714
,0.7455357142857143
,0.8303571428571429
,0.7589285714285714
,0.8125
,0.8080357142857143
,0.84375
,0.7276785714285714
,0.6696428571428571
,0.5089285714285714
,0.5758928571428571
,0.5892857142857143
,0.5848214285714286
,0.5982142857142857
,0.5714285714285714
,0.6473214285714286
,0.5580357142857143
,0.5178571428571429
,0.5982142857142857
,0.5758928571428571
,0.39732142857142855
,0.4419642857142857
