Subject_ID,acc
,0.7760416716337204
,0.7838541716337204
,0.7942708432674408
,0.8828125
,0.7265625
,0.8359375
,0.8515625
,0.78125
,0.796875
,0.8020833432674408
,0.78125
,0.8385416716337204
,0.7942708432674408
,0.8619791716337204
,0.8671875
,0.8072916716337204
,0.7135416716337204
,0.8203125
,0.71875
,0.8541666716337204
,0.8020833432674408
,0.7916666716337204
,0.8359375
,0.7734375
,0.8463541716337204
,0.7734375
,0.890625
,0.765625
,0.7708333432674408
,0.7473958432674408
,0.7916666716337204
,0.8203125
