Subject_ID,acc
,0.4826388888888889
,0.2916666666666667
,0.4826388888888889
,0.3784722222222222
,0.4513888888888889
,0.375
,0.5416666666666666
,0.5104166666666666
,0.4965277777777778
