Subject_ID,acc
,0.8035714285714286
,0.8169642857142857
,0.7633928571428571
,0.8571428571428571
,0.7678571428571429
,0.7723214285714286
,0.7946428571428571
,0.7723214285714286
,0.7589285714285714
,0.84375
,0.8258928571428571
,0.8392857142857143
,0.7723214285714286
,0.8214285714285714
,0.8125
,0.7410714285714286
,0.6428571428571429
,0.8258928571428571
,0.8169642857142857
,0.7321428571428571
,0.7678571428571429
,0.78125
,0.8258928571428571
,0.8214285714285714
,0.8080357142857143
,0.8035714285714286
