Subject_ID,acc
2,0.2204166680574417
3,0.3142361144224803
6,0.2535282224416733
7,0.09375
9,0.5125
12,0.140625
13,0.15250000059604646
14,0.703125
15,0.2887500002980232
16,0.6284722288449606
17,0.575
18,0.3225961565971375
19,0.4325000047683716
20,0.17666666805744172
21,0.31875
23,0.34375
27,0.7060185273488363
29,0.4227430559694767
33,0.22749999910593033
34,0.15104166666666666
35,0.26110197603702545
36,0.1875
37,0.46562500298023224
38,0.4652777810891469
39,0.7029166698455811
41,0.7125
