Subject_ID,acc
1,0.3541666666666667
2,0.3194444444444444
3,0.3715277777777778
6,0.4027777777777778
7,0.2847222222222222
9,0.4861111111111111
